Workbook

Sheet Introduction Screen
A1: Cybersecurity Risk Dashboard
A3: The Advanced Digital Defenders Cyber Risk Assessment Tool lets you log risks along with their likelihood and severity, model the controls you'd put in place to mitigate them, and see the percentage each control reduces that risk. The tool automatically calculates the inherent risk value, the residual risk value after controls, which single control performs best for each risk, and a chart comparing every control's effect — so you can see at a glance which controls are worth prioritizing.
A9: Get started:

Sheet Tutorial Screen
A1: Risk Assessment Tool Tutorial
A3: 1. Log a risk
A4: In the Risk Assessment Tool tab, add a row: name the risk, describe it in a sentence, and note which CIA principle(s) — Confidentiality, Integrity, Availability — it threatens.
A6: 2. Rate Likelihood and Severity
A7: Pick LOW, MEDIUM, or HIGH from the dropdown for both. These are converted to numeric values (3/6/9) automatically and multiplied to produce the Inherent Risk Value and Risk Level, before any controls are applied.
A9: 3. Score each control
A10: For every control (Data Encryption, Cybersecurity Training, Access Control List, Compliance Team & Framework, Web Application Firewall, Third-Party Security Audits), enter how much you estimate it reduces Likelihood and how much it reduces Severity, as a percentage (0-1).
A12: 4. Read the Residual Risk
A13: Each control's Residual Risk is calculated automatically: Inherent Risk x (1 - Likelihood Reduction) x (1 - Severity Reduction). Lower is better.
A15: 5. Check the Best Control column
A16: The tool automatically flags which single control produces the lowest residual risk for that specific threat, and what percentage of the inherent risk it removes.
A18: 6. Use the chart
A19: The Risk Reduction Comparison chart at the bottom of the tool plots every control's residual risk across all logged risks, so you can visually compare which controls are carrying the most weight.

Sheet Risk Assessment Tool
A1: Advanced Digital Defenders — Cybersecurity Risk Assessment
A3: Risk | B3: Definition | C3: CIA Principle(s) Impacted | D3: Likelihood | E3: Severity | F3: Inherent Risk Value | G3: Inherent Risk Level | H3: Data Encryption | K3: Cybersecurity Training for Employees | N3: Access Control List | Q3: Compliance Team & Framework | T3: Web Application Firewall | W3: Third-Party Security Audits | Z3: Lowest Residual Risk | AA3: Best Control (Lowest Residual) | AB3: Risk Reduction from Best Control
H4: Reduction of Likelihood | I4: Reduction of Severity | J4: Residual Risk | K4: Reduction of Likelihood | L4: Reduction of Severity | M4: Residual Risk | N4: Reduction of Likelihood | O4: Reduction of Severity | P4: Residual Risk | Q4: Reduction of Likelihood | R4: Reduction of Severity | S4: Residual Risk | T4: Reduction of Likelihood | U4: Reduction of Severity | V4: Residual Risk | W4: Reduction of Likelihood | X4: Reduction of Severity | Y4: Residual Risk
A5: Data Breach | B5: Unauthorized access exposing confidential financial or customer data | C5: Confidentiality | D5: MEDIUM | E5: HIGH | F5: =_xlfn.SWITCH(D5,"LOW",3,"MEDIUM",6,"HIGH",9)*_xlfn.SWITCH(E5,"LOW",3,"MEDIUM",6,"HIGH",9) -> 54 | G5: =INDEX($E$16:$E$19,MATCH(F5,$D$16:$D$19,1)) -> High | H5: 0.6 | I5: 0.4 | J5: =$F5*(1-H5)*(1-I5) -> 12.96 | K5: 0.6 | L5: 0.4 | M5: =$F5*(1-K5)*(1-L5) -> 12.96 | N5: 0.7 | O5: 0.5 | P5: =$F5*(1-N5)*(1-O5) -> 8.1 | Q5: 0.5 | R5: 0.6 | S5: =$F5*(1-Q5)*(1-R5) -> 10.8 | T5: 0.4 | U5: 0.5 | V5: =$F5*(1-T5)*(1-U5) -> 16.2 | W5: 0.5 | X5: 0.7 | Y5: =$F5*(1-W5)*(1-X5) -> 8.1 | Z5: =MIN(J5,M5,P5,S5,V5,Y5) -> 8.1 | AA5: =IF(J5=Z5,"Data Encryption",IF(M5=Z5,"Cybersecurity Training for Employees",IF(P5=Z5,"Access Control List",IF(S5=Z5,"Compliance Team & Framework",IF(V5=Z5,"Web Application Firewall","Third-Party Security Audits"))))) -> Access Control List | AB5: =(F5-Z5)/F5 -> 0.85
A6: Phishing | B6: Deceptive emails or messages tricking employees into revealing sensitive information | C6: Confidentiality / Integrity | D6: HIGH | E6: MEDIUM | F6: =_xlfn.SWITCH(D6,"LOW",3,"MEDIUM",6,"HIGH",9)*_xlfn.SWITCH(E6,"LOW",3,"MEDIUM",6,"HIGH",9) -> 54 | G6: =INDEX($E$16:$E$19,MATCH(F6,$D$16:$D$19,1)) -> High | H6: 0.1 | I6: 0.2 | J6: =$F6*(1-H6)*(1-I6) -> 38.88 | K6: 0.75 | L6: 0.5 | M6: =$F6*(1-K6)*(1-L6) -> 6.75 | N6: 0.3 | O6: 0.2 | P6: =$F6*(1-N6)*(1-O6) -> 30.24 | Q6: 0.4 | R6: 0.35 | S6: =$F6*(1-Q6)*(1-R6) -> 21.06 | T6: 0.25 | U6: 0.2 | V6: =$F6*(1-T6)*(1-U6) -> 32.4 | W6: 0.4 | X6: 0.35 | Y6: =$F6*(1-W6)*(1-X6) -> 21.06 | Z6: =MIN(J6,M6,P6,S6,V6,Y6) -> 6.75 | AA6: =IF(J6=Z6,"Data Encryption",IF(M6=Z6,"Cybersecurity Training for Employees",IF(P6=Z6,"Access Control List",IF(S6=Z6,"Compliance Team & Framework",IF(V6=Z6,"Web Application Firewall","Third-Party Security Audits"))))) -> Cybersecurity Training for Employees | AB6: =(F6-Z6)/F6 -> 0.875
A7: Insider Threat | B7: Malicious or negligent actions by employees or associates that compromise security | C7: Integrity | D7: LOW | E7: MEDIUM | F7: =_xlfn.SWITCH(D7,"LOW",3,"MEDIUM",6,"HIGH",9)*_xlfn.SWITCH(E7,"LOW",3,"MEDIUM",6,"HIGH",9) -> 18 | G7: =INDEX($E$16:$E$19,MATCH(F7,$D$16:$D$19,1)) -> Medium | H7: 0.3 | I7: 0.35 | J7: =$F7*(1-H7)*(1-I7) -> 8.19 | K7: 0.5 | L7: 0.3 | M7: =$F7*(1-K7)*(1-L7) -> 6.3 | N7: 0.8 | O7: 0.6 | P7: =$F7*(1-N7)*(1-O7) -> 1.44 | Q7: 0.4 | R7: 0.5 | S7: =$F7*(1-Q7)*(1-R7) -> 5.4 | T7: 0.3 | U7: 0.3 | V7: =$F7*(1-T7)*(1-U7) -> 8.82 | W7: 0.5 | X7: 0.6 | Y7: =$F7*(1-W7)*(1-X7) -> 3.6 | Z7: =MIN(J7,M7,P7,S7,V7,Y7) -> 1.44 | AA7: =IF(J7=Z7,"Data Encryption",IF(M7=Z7,"Cybersecurity Training for Employees",IF(P7=Z7,"Access Control List",IF(S7=Z7,"Compliance Team & Framework",IF(V7=Z7,"Web Application Firewall","Third-Party Security Audits"))))) -> Access Control List | AB7: =(F7-Z7)/F7 -> 0.92
A8: Compliance Violations | B8: Failure to meet financial regulations, leading to legal and financial penalties | C8: Confidentiality / Integrity | D8: LOW | E8: MEDIUM | F8: =_xlfn.SWITCH(D8,"LOW",3,"MEDIUM",6,"HIGH",9)*_xlfn.SWITCH(E8,"LOW",3,"MEDIUM",6,"HIGH",9) -> 18 | G8: =INDEX($E$16:$E$19,MATCH(F8,$D$16:$D$19,1)) -> Medium | H8: 0.5 | I8: 0.6 | J8: =$F8*(1-H8)*(1-I8) -> 3.6 | K8: 0.5 | L8: 0.3 | M8: =$F8*(1-K8)*(1-L8) -> 6.3 | N8: 0.4 | O8: 0.35 | P8: =$F8*(1-N8)*(1-O8) -> 7.02 | Q8: 0.85 | R8: 0.7 | S8: =$F8*(1-Q8)*(1-R8) -> 0.81 | T8: 0.4 | U8: 0.4 | V8: =$F8*(1-T8)*(1-U8) -> 6.48 | W8: 0.8 | X8: 0.75 | Y8: =$F8*(1-W8)*(1-X8) -> 0.9 | Z8: =MIN(J8,M8,P8,S8,V8,Y8) -> 0.81 | AA8: =IF(J8=Z8,"Data Encryption",IF(M8=Z8,"Cybersecurity Training for Employees",IF(P8=Z8,"Access Control List",IF(S8=Z8,"Compliance Team & Framework",IF(V8=Z8,"Web Application Firewall","Third-Party Security Audits"))))) -> Compliance Team & Framework | AB8: =(F8-Z8)/F8 -> 0.955
A9: Web Application Attacks | B9: Exploits targeting web apps (e.g. SQL injection, XSS) to steal data or gain access | C9: Confidentiality | D9: LOW | E9: LOW | F9: =_xlfn.SWITCH(D9,"LOW",3,"MEDIUM",6,"HIGH",9)*_xlfn.SWITCH(E9,"LOW",3,"MEDIUM",6,"HIGH",9) -> 9 | G9: =INDEX($E$16:$E$19,MATCH(F9,$D$16:$D$19,1)) -> Low | H9: 0.3 | I9: 0.4 | J9: =$F9*(1-H9)*(1-I9) -> 3.78 | K9: 0.3 | L9: 0.2 | M9: =$F9*(1-K9)*(1-L9) -> 5.04 | N9: 0.5 | O9: 0.4 | P9: =$F9*(1-N9)*(1-O9) -> 2.7 | Q9: 0.4 | R9: 0.45 | S9: =$F9*(1-Q9)*(1-R9) -> 2.97 | T9: 0.85 | U9: 0.7 | V9: =$F9*(1-T9)*(1-U9) -> 0.405 | W9: 0.65 | X9: 0.55 | Y9: =$F9*(1-W9)*(1-X9) -> 1.4175 | Z9: =MIN(J9,M9,P9,S9,V9,Y9) -> 0.405 | AA9: =IF(J9=Z9,"Data Encryption",IF(M9=Z9,"Cybersecurity Training for Employees",IF(P9=Z9,"Access Control List",IF(S9=Z9,"Compliance Team & Framework",IF(V9=Z9,"Web Application Firewall","Third-Party Security Audits"))))) -> Web Application Firewall | AB9: =(F9-Z9)/F9 -> 0.955
A10: Third Party Cloud Risks | B10: Security, operational, financial, and compliance risks associated with reliance on third-party cloud computing vendors, suppliers and contractors | C10: Confidentiality / Integrity / Availability | D10: MEDIUM | E10: LOW | F10: =_xlfn.SWITCH(D10,"LOW",3,"MEDIUM",6,"HIGH",9)*_xlfn.SWITCH(E10,"LOW",3,"MEDIUM",6,"HIGH",9) -> 18 | G10: =INDEX($E$16:$E$19,MATCH(F10,$D$16:$D$19,1)) -> Medium | H10: 0.5 | I10: 0.55 | J10: =$F10*(1-H10)*(1-I10) -> 4.05 | K10: 0.4 | L10: 0.25 | M10: =$F10*(1-K10)*(1-L10) -> 8.1 | N10: 0.65 | O10: 0.5 | P10: =$F10*(1-N10)*(1-O10) -> 3.15 | Q10: 0.55 | R10: 0.6 | S10: =$F10*(1-Q10)*(1-R10) -> 3.24 | T10: 0.5 | U10: 0.4 | V10: =$F10*(1-T10)*(1-U10) -> 5.4 | W10: 0.85 | X10: 0.7 | Y10: =$F10*(1-W10)*(1-X10) -> 0.81 | Z10: =MIN(J10,M10,P10,S10,V10,Y10) -> 0.81 | AA10: =IF(J10=Z10,"Data Encryption",IF(M10=Z10,"Cybersecurity Training for Employees",IF(P10=Z10,"Access Control List",IF(S10=Z10,"Compliance Team & Framework",IF(V10=Z10,"Web Application Firewall","Third-Party Security Audits"))))) -> Third-Party Security Audits | AB10: =(F10-Z10)/F10 -> 0.955
A11: TOTAL / AVERAGE | F11: =SUM(F5:F10) -> 171 | J11: =SUM(J5:J10) -> 71.46 | M11: =SUM(M5:M10) -> 45.45 | P11: =SUM(P5:P10) -> 52.65 | S11: =SUM(S5:S10) -> 44.28 | V11: =SUM(V5:V10) -> 69.705 | Y11: =SUM(Y5:Y10) -> 35.8875 | Z11: =SUM(Z5:Z10) -> 18.315 | AB11: =AVERAGE(AB5:AB10) -> 0.91833333
A14: Likelihood / Severity Scale | D14: Risk Level Thresholds (Inherent Risk Value)
A15: Rating | B15: Value | D15: Score Min | E15: Level
A16: None | B16: 0 | D16: 0 | E16: Low
A17: Low | B17: 3 | D17: 18 | E17: Medium
A18: Medium | B18: 6 | D18: 36 | E18: High
A19: High | B19: 9 | D19: 55 | E19: Critical
A22: Note: Likelihood and Severity ratings, control reduction percentages, and risk levels are the analyst's own judgment calls for this model company. Values here are illustrative and should be revised to reflect real assumptions, with sources or rationale documented where possible.

Sheet Dashboard
A1: Advanced Digital Defenders — Risk Dashboard
A2: Live summary of the Risk Assessment Tool — all values update automatically when the register changes.
A4: 1. Inherent vs. Residual Risk, by Scenario
A27: 2. Average Risk Reduction by Control, Across All Risks
A28: Control | B28: Avg. Risk Reduction
A29: Third-Party Security Audits | B29: =SUMPRODUCT(('Risk Assessment Tool'!$F$5:$F$10-'Risk Assessment Tool'!$Y$5:$Y$10)/'Risk Assessment Tool'!$F$5:$F$10)/6 -> 0.83458333
A30: Compliance Team & Framework | B30: =SUMPRODUCT(('Risk Assessment Tool'!$F$5:$F$10-'Risk Assessment Tool'!$S$5:$S$10)/'Risk Assessment Tool'!$F$5:$F$10)/6 -> 0.75916667
A31: Access Control List | B31: =SUMPRODUCT(('Risk Assessment Tool'!$F$5:$F$10-'Risk Assessment Tool'!$P$5:$P$10)/'Risk Assessment Tool'!$F$5:$F$10)/6 -> 0.72416667
A32: Cybersecurity Training for Employees | B32: =SUMPRODUCT(('Risk Assessment Tool'!$F$5:$F$10-'Risk Assessment Tool'!$M$5:$M$10)/'Risk Assessment Tool'!$F$5:$F$10)/6 -> 0.65416667
A33: Web Application Firewall | B33: =SUMPRODUCT(('Risk Assessment Tool'!$F$5:$F$10-'Risk Assessment Tool'!$V$5:$V$10)/'Risk Assessment Tool'!$F$5:$F$10)/6 -> 0.65083333
A34: Data Encryption | B34: =SUMPRODUCT(('Risk Assessment Tool'!$F$5:$F$10-'Risk Assessment Tool'!$J$5:$J$10)/'Risk Assessment Tool'!$F$5:$F$10)/6 -> 0.62333333
A37: 3. Risk Heat Map (Likelihood x Severity)
C38: Likelihood →
B39: Severity ↓ | C39: LOW | D39: MEDIUM | E39: HIGH
B40: HIGH | C40: =IF(AND('Risk Assessment Tool'!$D$5="LOW",'Risk Assessment Tool'!$E$5="HIGH"),'Risk Assessment Tool'!$A$5&CHAR(10),"")&IF(AND('Risk Assessment Tool'!$D$6="LOW",'Risk Assessment Tool'!$E$6="HIGH"),'Risk Assessment Tool'!$A$6&CHAR(10),"")&IF(AND('Risk Assessment Tool'!$D$7="LOW",'Risk Assessment Tool'!$E$7="HIGH"),'Risk Assessment Tool'!$A$7&CHAR(10),"")&IF(AND('Risk Assessment Tool'!$D$8="LOW",'Risk Assessment Tool'!$E$8="HIGH"),'Risk Assessment Tool'!$A$8&CHAR(10),"")&IF(AND('Risk Assessment Tool'!$D$9="LOW",'Risk Assessment Tool'!$E$9="HIGH"),'Risk Assessment Tool'!$A$9&CHAR(10),"")&IF(AND('Risk Assessment Tool'!$D$10="LOW",'Risk Assessment Tool'!$E$10="HIGH"),'Risk Assessment Tool'!$A$10&CHAR(10),"") | D40: =IF(AND('Risk Assessment Tool'!$D$5="MEDIUM",'Risk Assessment Tool'!$E$5="HIGH"),'Risk Assessment Tool'!$A$5&CHAR(10),"")&IF(AND('Risk Assessment Tool'!$D$6="MEDIUM",'Risk Assessment Tool'!$E$6="HIGH"),'Risk Assessment Tool'!$A$6&CHAR(10),"")&IF(AND('Risk Assessment Tool'!$D$7="MEDIUM",'Risk Assessment Tool'!$E$7="HIGH"),'Risk Assessment Tool'!$A$7&CHAR(10),"")&IF(AND('Risk Assessment Tool'!$D$8="MEDIUM",'Risk Assessment Tool'!$E$8="HIGH"),'Risk Assessment Tool'!$A$8&CHAR(10),"")&IF(AND('Risk Assessment Tool'!$D$9="MEDIUM",'Risk Assessment Tool'!$E$9="HIGH"),'Risk Assessment Tool'!$A$9&CHAR(10),"")&IF(AND('Risk Assessment Tool'!$D$10="MEDIUM",'Risk Assessment Tool'!$E$10="HIGH"),'Risk Assessment Tool'!$A$10&CHAR(10),"") -> Data Breach | E40: =IF(AND('Risk Assessment Tool'!$D$5="HIGH",'Risk Assessment Tool'!$E$5="HIGH"),'Risk Assessment Tool'!$A$5&CHAR(10),"")&IF(AND('Risk Assessment Tool'!$D$6="HIGH",'Risk Assessment Tool'!$E$6="HIGH"),'Risk Assessment Tool'!$A$6&CHAR(10),"")&IF(AND('Risk Assessment Tool'!$D$7="HIGH",'Risk Assessment Tool'!$E$7="HIGH"),'Risk Assessment Tool'!$A$7&CHAR(10),"")&IF(AND('Risk Assessment Tool'!$D$8="HIGH",'Risk Assessment Tool'!$E$8="HIGH"),'Risk Assessment Tool'!$A$8&CHAR(10),"")&IF(AND('Risk Assessment Tool'!$D$9="HIGH",'Risk Assessment Tool'!$E$9="HIGH"),'Risk Assessment Tool'!$A$9&CHAR(10),"")&IF(AND('Risk Assessment Tool'!$D$10="HIGH",'Risk Assessment Tool'!$E$10="HIGH"),'Risk Assessment Tool'!$A$10&CHAR(10),"")
B41: MEDIUM | C41: =IF(AND('Risk Assessment Tool'!$D$5="LOW",'Risk Assessment Tool'!$E$5="MEDIUM"),'Risk Assessment Tool'!$A$5&CHAR(10),"")&IF(AND('Risk Assessment Tool'!$D$6="LOW",'Risk Assessment Tool'!$E$6="MEDIUM"),'Risk Assessment Tool'!$A$6&CHAR(10),"")&IF(AND('Risk Assessment Tool'!$D$7="LOW",'Risk Assessment Tool'!$E$7="MEDIUM"),'Risk Assessment Tool'!$A$7&CHAR(10),"")&IF(AND('Risk Assessment Tool'!$D$8="LOW",'Risk Assessment Tool'!$E$8="MEDIUM"),'Risk Assessment Tool'!$A$8&CHAR(10),"")&IF(AND('Risk Assessment Tool'!$D$9="LOW",'Risk Assessment Tool'!$E$9="MEDIUM"),'Risk Assessment Tool'!$A$9&CHAR(10),"")&IF(AND('Risk Assessment Tool'!$D$10="LOW",'Risk Assessment Tool'!$E$10="MEDIUM"),'Risk Assessment Tool'!$A$10&CHAR(10),"") -> Insider Threat Compliance Violations | D41: =IF(AND('Risk Assessment Tool'!$D$5="MEDIUM",'Risk Assessment Tool'!$E$5="MEDIUM"),'Risk Assessment Tool'!$A$5&CHAR(10),"")&IF(AND('Risk Assessment Tool'!$D$6="MEDIUM",'Risk Assessment Tool'!$E$6="MEDIUM"),'Risk Assessment Tool'!$A$6&CHAR(10),"")&IF(AND('Risk Assessment Tool'!$D$7="MEDIUM",'Risk Assessment Tool'!$E$7="MEDIUM"),'Risk Assessment Tool'!$A$7&CHAR(10),"")&IF(AND('Risk Assessment Tool'!$D$8="MEDIUM",'Risk Assessment Tool'!$E$8="MEDIUM"),'Risk Assessment Tool'!$A$8&CHAR(10),"")&IF(AND('Risk Assessment Tool'!$D$9="MEDIUM",'Risk Assessment Tool'!$E$9="MEDIUM"),'Risk Assessment Tool'!$A$9&CHAR(10),"")&IF(AND('Risk Assessment Tool'!$D$10="MEDIUM",'Risk Assessment Tool'!$E$10="MEDIUM"),'Risk Assessment Tool'!$A$10&CHAR(10),"") | E41: =IF(AND('Risk Assessment Tool'!$D$5="HIGH",'Risk Assessment Tool'!$E$5="MEDIUM"),'Risk Assessment Tool'!$A$5&CHAR(10),"")&IF(AND('Risk Assessment Tool'!$D$6="HIGH",'Risk Assessment Tool'!$E$6="MEDIUM"),'Risk Assessment Tool'!$A$6&CHAR(10),"")&IF(AND('Risk Assessment Tool'!$D$7="HIGH",'Risk Assessment Tool'!$E$7="MEDIUM"),'Risk Assessment Tool'!$A$7&CHAR(10),"")&IF(AND('Risk Assessment Tool'!$D$8="HIGH",'Risk Assessment Tool'!$E$8="MEDIUM"),'Risk Assessment Tool'!$A$8&CHAR(10),"")&IF(AND('Risk Assessment Tool'!$D$9="HIGH",'Risk Assessment Tool'!$E$9="MEDIUM"),'Risk Assessment Tool'!$A$9&CHAR(10),"")&IF(AND('Risk Assessment Tool'!$D$10="HIGH",'Risk Assessment Tool'!$E$10="MEDIUM"),'Risk Assessment Tool'!$A$10&CHAR(10),"") -> Phishing
B42: LOW | C42: =IF(AND('Risk Assessment Tool'!$D$5="LOW",'Risk Assessment Tool'!$E$5="LOW"),'Risk Assessment Tool'!$A$5&CHAR(10),"")&IF(AND('Risk Assessment Tool'!$D$6="LOW",'Risk Assessment Tool'!$E$6="LOW"),'Risk Assessment Tool'!$A$6&CHAR(10),"")&IF(AND('Risk Assessment Tool'!$D$7="LOW",'Risk Assessment Tool'!$E$7="LOW"),'Risk Assessment Tool'!$A$7&CHAR(10),"")&IF(AND('Risk Assessment Tool'!$D$8="LOW",'Risk Assessment Tool'!$E$8="LOW"),'Risk Assessment Tool'!$A$8&CHAR(10),"")&IF(AND('Risk Assessment Tool'!$D$9="LOW",'Risk Assessment Tool'!$E$9="LOW"),'Risk Assessment Tool'!$A$9&CHAR(10),"")&IF(AND('Risk Assessment Tool'!$D$10="LOW",'Risk Assessment Tool'!$E$10="LOW"),'Risk Assessment Tool'!$A$10&CHAR(10),"") -> Web Application Attacks | D42: =IF(AND('Risk Assessment Tool'!$D$5="MEDIUM",'Risk Assessment Tool'!$E$5="LOW"),'Risk Assessment Tool'!$A$5&CHAR(10),"")&IF(AND('Risk Assessment Tool'!$D$6="MEDIUM",'Risk Assessment Tool'!$E$6="LOW"),'Risk Assessment Tool'!$A$6&CHAR(10),"")&IF(AND('Risk Assessment Tool'!$D$7="MEDIUM",'Risk Assessment Tool'!$E$7="LOW"),'Risk Assessment Tool'!$A$7&CHAR(10),"")&IF(AND('Risk Assessment Tool'!$D$8="MEDIUM",'Risk Assessment Tool'!$E$8="LOW"),'Risk Assessment Tool'!$A$8&CHAR(10),"")&IF(AND('Risk Assessment Tool'!$D$9="MEDIUM",'Risk Assessment Tool'!$E$9="LOW"),'Risk Assessment Tool'!$A$9&CHAR(10),"")&IF(AND('Risk Assessment Tool'!$D$10="MEDIUM",'Risk Assessment Tool'!$E$10="LOW"),'Risk Assessment Tool'!$A$10&CHAR(10),"") -> Third Party Cloud Risks | E42: =IF(AND('Risk Assessment Tool'!$D$5="HIGH",'Risk Assessment Tool'!$E$5="LOW"),'Risk Assessment Tool'!$A$5&CHAR(10),"")&IF(AND('Risk Assessment Tool'!$D$6="HIGH",'Risk Assessment Tool'!$E$6="LOW"),'Risk Assessment Tool'!$A$6&CHAR(10),"")&IF(AND('Risk Assessment Tool'!$D$7="HIGH",'Risk Assessment Tool'!$E$7="LOW"),'Risk Assessment Tool'!$A$7&CHAR(10),"")&IF(AND('Risk Assessment Tool'!$D$8="HIGH",'Risk Assessment Tool'!$E$8="LOW"),'Risk Assessment Tool'!$A$8&CHAR(10),"")&IF(AND('Risk Assessment Tool'!$D$9="HIGH",'Risk Assessment Tool'!$E$9="LOW"),'Risk Assessment Tool'!$A$9&CHAR(10),"")&IF(AND('Risk Assessment Tool'!$D$10="HIGH",'Risk Assessment Tool'!$E$10="LOW"),'Risk Assessment Tool'!$A$10&CHAR(10),"")
A44: Risk Level: | B44: Low | C44: Medium | D44: High | E44: Critical
